<?xml version="1.0" encoding="utf-8" standalone="yes"?>
<rss version="2.0" xmlns:atom="http://www.w3.org/2005/Atom">
  <channel>
    <title>Русский Рэп on Музыкальные рецензии</title>
    <link>http://localhost:1313/tags/%D1%80%D1%83%D1%81%D1%81%D0%BA%D0%B8%D0%B9-%D1%80%D1%8D%D0%BF/</link>
    <description>Recent content in Русский Рэп on Музыкальные рецензии</description>
    <generator>Hugo</generator>
    <language>ru-ru</language>
    <lastBuildDate>Mon, 15 Apr 2024 00:00:00 +0000</lastBuildDate>
    <atom:link href="http://localhost:1313/tags/%D1%80%D1%83%D1%81%D1%81%D0%BA%D0%B8%D0%B9-%D1%80%D1%8D%D0%BF/index.xml" rel="self" type="application/rss+xml" />
    <item>
      <title>Рецензия: PHARAOH - 10:13</title>
      <link>http://localhost:1313/posts/pharaoh-1013/</link>
      <pubDate>Mon, 15 Apr 2024 00:00:00 +0000</pubDate>
      <guid>http://localhost:1313/posts/pharaoh-1013/</guid>
      <description>&lt;p&gt;&lt;img src=&#34;http://localhost:1313/images/pharaoh-1013.jpg&#34; alt=&#34;Обложка альбома 10:13&#34;&gt;&lt;br&gt;&#xA;&lt;em&gt;Обложка альбома с характерным минималистичным дизайном&lt;/em&gt;&lt;/p&gt;&#xA;&lt;h4 id=&#34;обзор&#34;&gt;&lt;strong&gt;Обзор:&lt;/strong&gt;&lt;/h4&gt;&#xA;&lt;p&gt;PHARAOH возвращается с долгожданным альбомом &amp;ldquo;10:13&amp;rdquo;, продолжая эксперименты на стыке облачного рэпа и психоделического звучания.&lt;/p&gt;&#xA;&lt;p&gt;&lt;strong&gt;Сильные стороны:&lt;/strong&gt;&lt;/p&gt;&#xA;&lt;ul&gt;&#xA;&lt;li&gt;Гипнотизирующий бит в треке &amp;ldquo;5:00 AM&amp;rdquo;&lt;/li&gt;&#xA;&lt;li&gt;Лирика с глубокими отсылками к внутренним демонам&lt;/li&gt;&#xA;&lt;li&gt;Атмосферные сэмплы в &amp;ldquo;Курим на балконе&amp;rdquo;&lt;/li&gt;&#xA;&lt;/ul&gt;&#xA;&lt;p&gt;&lt;strong&gt;Слабые стороны:&lt;/strong&gt;&lt;/p&gt;&#xA;&lt;ul&gt;&#xA;&lt;li&gt;Несколько однообразное звучание в середине альбома&lt;/li&gt;&#xA;&lt;li&gt;Слишком короткий хайлайт-трек &amp;ldquo;Космос&amp;rdquo;&lt;/li&gt;&#xA;&lt;/ul&gt;&#xA;&lt;p&gt;&lt;strong&gt;Лучшие треки:&lt;/strong&gt;&lt;/p&gt;&#xA;&lt;ol&gt;&#xA;&lt;li&gt;&amp;ldquo;5:00 AM&amp;rdquo; ★★★★☆&lt;/li&gt;&#xA;&lt;li&gt;&amp;ldquo;Курим на балконе&amp;rdquo; ★★★★&lt;/li&gt;&#xA;&lt;li&gt;&amp;ldquo;10:13&amp;rdquo; (финальный трек) ★★★★½&lt;/li&gt;&#xA;&lt;/ol&gt;&#xA;&lt;p&gt;&lt;strong&gt;Вердикт:&lt;/strong&gt;&lt;br&gt;&#xA;PHARAOH создал кинематографичное звуковое полотно, но немного недотянул до уровня своего &amp;ldquo;Pink Phloyd&amp;rdquo;.&lt;br&gt;&#xA;&lt;strong&gt;Оценка: 8.5/10&lt;/strong&gt;&lt;/p&gt;</description>
    </item>
  </channel>
</rss>
