<?xml version="1.0" encoding="utf-8" standalone="yes"?>
<rss version="2.0" xmlns:atom="http://www.w3.org/2005/Atom">
  <channel>
    <title>MUSICWORLD on Музыкальные рецензии</title>
    <link>http://localhost:1313/</link>
    <description>Recent content in MUSICWORLD on Музыкальные рецензии</description>
    <generator>Hugo</generator>
    <language>ru-ru</language>
    <lastBuildDate>Thu, 25 Apr 2024 00:00:00 +0000</lastBuildDate>
    <atom:link href="http://localhost:1313/index.xml" rel="self" type="application/rss+xml" />
    <item>
      <title>PHARAOH - 10:13</title>
      <link>http://localhost:1313/posts/pharaoh-1013/</link>
      <pubDate>Thu, 25 Apr 2024 00:00:00 +0000</pubDate>
      <guid>http://localhost:1313/posts/pharaoh-1013/</guid>
      <description>&lt;p&gt;&lt;img src=&#34;http://localhost:1313/images/PH.jpg&#34; alt=&#34;Обложка альбома 10:13&#34;&gt;&lt;br&gt;&#xA;&lt;em&gt;Обложка альбома &amp;ldquo;10:13&amp;rdquo; &amp;mdash; &amp;ldquo;в одной руке лилия, в другой ствол - Архангел Гавриил&amp;rdquo;&lt;/em&gt;&lt;/p&gt;&#xA;&lt;h4 id=&#34;обзор&#34;&gt;&lt;strong&gt;Обзор:&lt;/strong&gt;&lt;/h4&gt;&#xA;&lt;p&gt;25 апреля 2025 года Pharaoh выпустил альбом «10:13». Он состоит из 20 треков. Глеб возвращается, продолжая музыкальные эксперименты на стыке лирического звучания и жесткой экспресии.&lt;/p&gt;&#xA;&lt;p&gt;Название альбома, предположительно, отсылает к 13 стиху 10 главы Первого послания к Коринфянам: «Вас постигло искушение не иное, как человеческое…». Это перекликается с заявленным мировоззрением самого PHARAOH&amp;rsquo;а, называющего себя приверженцем христианских ценностей.&lt;/p&gt;</description>
    </item>
    <item>
      <title>TVETH - Частная собственность</title>
      <link>http://localhost:1313/posts/post-3/</link>
      <pubDate>Thu, 25 Apr 2024 00:00:00 +0000</pubDate>
      <guid>http://localhost:1313/posts/post-3/</guid>
      <description>&lt;p&gt;&lt;img src=&#34;http://localhost:1313/images/TV.jpg&#34; alt=&#34;Обложка альбома 10:13&#34;&gt;&lt;br&gt;&#xA;&lt;em&gt;Обложка альбома ЧАСТНАЯ СОБСТВЕННОСТЬ&lt;/em&gt;&lt;/p&gt;&#xA;&lt;h4 id=&#34;обзор&#34;&gt;&lt;strong&gt;Обзор:&lt;/strong&gt;&lt;/h4&gt;&#xA;&lt;p&gt;25 апреля 2025 года TVETH выпустил альбом «ЧАСТНАЯ СОБСТВЕННОСТЬ». Он состоит из 13 треков. В новом альбоме хип-хоп-исполнитель сделал акцент на «злую» музыку — «минимум лирики, страданий всяких, только чистое джентльменское столкновение с реальностью».&lt;/p&gt;&#xA;&lt;p&gt;На релизе есть фиты с BATO, Velial Squad и Metox.&lt;/p&gt;&#xA;&lt;p&gt;&lt;strong&gt;Сильные стороны:&lt;/strong&gt;&lt;/p&gt;&#xA;&lt;ul&gt;&#xA;&lt;li&gt;Хороший продакшен, отличное сведение&lt;/li&gt;&#xA;&lt;li&gt;Сильная техника с колкими панчами&lt;/li&gt;&#xA;&lt;/ul&gt;&#xA;&lt;p&gt;&lt;strong&gt;Слабые стороны:&lt;/strong&gt;&lt;/p&gt;&#xA;&lt;ul&gt;&#xA;&lt;li&gt;Достаточно однообразное звучание&lt;/li&gt;&#xA;&lt;/ul&gt;&#xA;&lt;p&gt;&lt;strong&gt;Лучшие треки:&lt;/strong&gt;&lt;/p&gt;</description>
    </item>
    <item>
      <title>VELIAL SQUAD - ВЕЛИАЛОГИЯ</title>
      <link>http://localhost:1313/posts/post-2/</link>
      <pubDate>Thu, 21 Mar 2024 00:00:00 +0000</pubDate>
      <guid>http://localhost:1313/posts/post-2/</guid>
      <description>&lt;p&gt;&lt;img src=&#34;http://localhost:1313/images/VS.jpg&#34; alt=&#34;Обложка альбома 10:13&#34;&gt;&lt;br&gt;&#xA;&lt;em&gt;Обложка альбома ВЕЛИАЛОГИЯ&lt;/em&gt;&lt;/p&gt;&#xA;&lt;h4 id=&#34;обзор&#34;&gt;&lt;strong&gt;Обзор:&lt;/strong&gt;&lt;/h4&gt;&#xA;&lt;p&gt;21 марта 2025 года дуэт VELIAL SQUAD выпустили альбом «ВЕЛИАЛОГИЯ». Восьмой студийный полноформатный альбом таинственного дуэта.&#xA;Обложка в стиле учебного пособия. В релиз вошли 11 треков, в том числе коллабы с Booker (целых две) и Shadowraze. В “Велиалогии” хип-хоп-дуэт читает о своем пути, ценностях человечества и судьбах мира. Есть тут и шатауты родному городу. Традиционно в текстах много мистических образов.&lt;/p&gt;&#xA;&lt;p&gt;&lt;strong&gt;Сильные стороны:&lt;/strong&gt;&lt;/p&gt;&#xA;&lt;ul&gt;&#xA;&lt;li&gt;Разнообразный звук&lt;/li&gt;&#xA;&lt;li&gt;До жути сильная техника с яркими панчами и рифмами&lt;/li&gt;&#xA;&lt;/ul&gt;&#xA;&lt;p&gt;&lt;strong&gt;Слабые стороны:&lt;/strong&gt;&lt;/p&gt;</description>
    </item>
    <item>
      <title>О проекте</title>
      <link>http://localhost:1313/about/</link>
      <pubDate>Mon, 01 Jan 0001 00:00:00 +0000</pubDate>
      <guid>http://localhost:1313/about/</guid>
      <description>&lt;p&gt;Этот сайт создан для любителей музыки. Мы анализируем новые релизы и делимся мнениями.&#xA;Наша цель - создать сообщество ценителей современной музыки.&lt;/p&gt;</description>
    </item>
    <item>
      <title>Ресурсы</title>
      <link>http://localhost:1313/resources/</link>
      <pubDate>Mon, 01 Jan 0001 00:00:00 +0000</pubDate>
      <guid>http://localhost:1313/resources/</guid>
      <description>&lt;h3 id=&#34;полезные-ссылки&#34;&gt;Полезные ссылки:&lt;/h3&gt;&#xA;&lt;ul&gt;&#xA;&lt;li&gt;&lt;a href=&#34;https://pitchfork.com&#34;&gt;Pitchfork&lt;/a&gt; — рецензии на музыку.&lt;/li&gt;&#xA;&lt;li&gt;&lt;a href=&#34;https://bandcamp.com&#34;&gt;Bandcamp&lt;/a&gt; — независимые релизы.&lt;/li&gt;&#xA;&lt;/ul&gt;</description>
    </item>
    <item>
      <title>Участники проекта</title>
      <link>http://localhost:1313/team/</link>
      <pubDate>Mon, 01 Jan 0001 00:00:00 +0000</pubDate>
      <guid>http://localhost:1313/team/</guid>
      <description>&lt;h3 id=&#34;разработчик&#34;&gt;Разработчик:&lt;/h3&gt;&#xA;&lt;ul&gt;&#xA;&lt;li&gt;&lt;strong&gt;Алексеевский Артём (zatxichi)&lt;/strong&gt; — разработчик сайта.&lt;/li&gt;&#xA;&lt;/ul&gt;</description>
    </item>
  </channel>
</rss>
