<?xml version="1.0" encoding="utf-8" standalone="yes"?>
<rss version="2.0" xmlns:atom="http://www.w3.org/2005/Atom">
  <channel>
    <title>VELIAL SQUAD on Музыкальные рецензии</title>
    <link>http://localhost:1313/tags/velial-squad/</link>
    <description>Recent content in VELIAL SQUAD on Музыкальные рецензии</description>
    <generator>Hugo</generator>
    <language>ru-ru</language>
    <atom:link href="http://localhost:1313/tags/velial-squad/index.xml" rel="self" type="application/rss+xml" />
  </channel>
</rss>
